{"acc1": 0.8127369219105383, "acc10": 0.8127369219105383, "acorrect": 1072, "qcorrect": 1072, "atotal": 1319, "qtotal": 1319, "code": {"has_code_trigger": 0, "code_executable": 0, "code_correct": 0}}