{"acc1": 0.8741470811220622, "acc10": 0.8741470811220622, "acorrect": 1153, "qcorrect": 1153, "atotal": 1319, "qtotal": 1319, "code": {"has_code_trigger": 322, "code_executable": 320, "code_correct": 244}}