{"acc1": 0.8938589840788476, "acc10": 0.8938589840788476, "acorrect": 1179, "qcorrect": 1179, "atotal": 1319, "qtotal": 1319, "code": {"has_code_trigger": 89, "code_executable": 89, "code_correct": 5}}