{"acc1": 0.8309325246398787, "acc10": 0.8309325246398787, "acorrect": 1096, "qcorrect": 1096, "atotal": 1319, "qtotal": 1319, "code": {"has_code_trigger": 0, "code_executable": 0, "code_correct": 0}}