{"acc1": 0.846095526914329, "acc10": 0.846095526914329, "acorrect": 1116, "qcorrect": 1116, "atotal": 1319, "qtotal": 1319, "code": {"has_code_trigger": 280, "code_executable": 279, "code_correct": 216}}