{"acc1": 0.7983320697498104, "acc10": 0.7983320697498104, "acorrect": 1053, "qcorrect": 1053, "atotal": 1319, "qtotal": 1319, "code": {"has_code_trigger": 540, "code_executable": 538, "code_correct": 355}}