{"acc1": 0.8627748294162244, "acc10": 0.8627748294162244, "acorrect": 1138, "qcorrect": 1138, "atotal": 1319, "qtotal": 1319, "code": {"has_code_trigger": 918, "code_executable": 913, "code_correct": 783}}