{"acc1": 0.7391963608794542, "acc10": 0.7391963608794542, "acorrect": 975, "qcorrect": 975, "atotal": 1319, "qtotal": 1319, "code": {"has_code_trigger": 0, "code_executable": 0, "code_correct": 0}}