{"acc1": 0.8294162244124337, "acc10": 0.8294162244124337, "acorrect": 1094, "qcorrect": 1094, "atotal": 1319, "qtotal": 1319, "code": {"has_code_trigger": 4, "code_executable": 4, "code_correct": 0}}